{"sections":{"image_banner":{"type":"image-banner","blocks":{"heading":{"type":"heading","settings":{"heading":"SUMMER SALE","heading_size":"h0"}},"button":{"type":"buttons","settings":{"button_label_1":"SHOP NOW","button_link_1":"shopify:\/\/collections\/all","button_style_secondary_1":false,"button_label_2":"","button_link_2":"shopify:\/\/collections","button_style_secondary_2":false}}},"block_order":["heading","button"],"settings":{"image":"shopify:\/\/shop_images\/S565eed6f6270407c98b1c3d059f89455a.png","image_2":"shopify:\/\/shop_images\/Scc095eef616e40e586ef7e566fd89e64V.png","image_overlay_opacity":0,"image_height":"medium","desktop_content_position":"bottom-center","show_text_box":false,"desktop_content_alignment":"center","color_scheme":"inverse","image_behavior":"fixed","mobile_content_alignment":"center","stack_images_on_mobile":false,"show_text_below":false}},"featured_collection":{"type":"featured-collection","settings":{"title":"Featured products","heading_size":"h2","description":"","show_description":false,"description_style":"body","collection":"frontpage","products_to_show":8,"columns_desktop":3,"full_width":false,"show_view_all":true,"view_all_style":"solid","enable_desktop_slider":false,"color_scheme":"background-1","image_ratio":"adapt","image_shape":"default","show_secondary_image":true,"show_vendor":false,"show_rating":false,"enable_quick_add":true,"columns_mobile":"2","swipe_on_mobile":false,"padding_top":44,"padding_bottom":36}},"17024353460ab17ae0":{"type":"apps","blocks":{"a5c3b54e-c1ed-42d2-b4bf-f79c2ed015ed":{"type":"shopify:\/\/apps\/judge-me-reviews\/blocks\/review_widget_homepage\/61ccd3b1-a9f2-4160-9fe9-4fec8413e5d8","disabled":true,"settings":{"product":"dog-bed-cat-pet-sofa-cute-bear-paw-shape-comfortable-cozy-pet-sleeping-beds-for-small-medium-large-soft-fluffy-cushion-dog-bed"}}},"block_order":["a5c3b54e-c1ed-42d2-b4bf-f79c2ed015ed"],"settings":{"include_margins":true}}},"order":["image_banner","featured_collection","17024353460ab17ae0"]}